LWLR参数,最优测试集MES,测试集MES均值
1.0,1.9145693849746084,2.25850157609904
0.5,1.8264144552544497,2.297229177418187
0.1,7.675620831077462e+76,1.5845264833769503e+182
0.05,7.029743606370287e+32,1.2136936862949901e+44
0.01,,
